{"cameraMode":{"drawMode":0,"name":"Shaded","section":"Shading Mode"},"sceneLighting":true,"audioPlay":false,"sceneViewState":{"m_AlwaysRefresh":false,"showFog":true,"showSkybox":true,"showFlares":true,"showImageEffects":true,"showParticleSystems":true,"showVisualEffectGraphs":true,"m_FxEnabled":true},"in2DMode":false,"pivot":{"x":112.4000015258789,"y":12.199999809265137,"z":-168.10000610351563},"rotation":{"x":-0.13228216767311097,"y":0.29884397983551028,"z":-0.038619786500930789,"w":-0.9458953738212586},"size":0.8660253882408142,"orthographic":false}