{"cameraMode":{"drawMode":0,"name":"Shaded","section":"Shading Mode"},"sceneLighting":true,"audioPlay":false,"sceneViewState":{"m_AlwaysRefresh":false,"showFog":true,"showSkybox":true,"showFlares":true,"showImageEffects":true,"showParticleSystems":true,"showVisualEffectGraphs":true,"m_FxEnabled":true},"in2DMode":false,"pivot":{"x":114.17628479003906,"y":16.424415588378908,"z":-119.99417114257813},"rotation":{"x":0.0005136344116181135,"y":0.9923288822174072,"z":-0.1332741677761078,"w":0.006387291010469198},"size":4.940125465393066,"orthographic":false}