{"cameraMode":{"drawMode":0,"name":"Shaded","section":"Shading Mode"},"sceneLighting":true,"audioPlay":false,"sceneViewState":{"m_AlwaysRefresh":false,"showFog":true,"showSkybox":true,"showFlares":true,"showImageEffects":true,"showParticleSystems":true,"showVisualEffectGraphs":true,"m_FxEnabled":true},"in2DMode":false,"pivot":{"x":117.52377319335938,"y":57.6313362121582,"z":-75.30329132080078},"rotation":{"x":-0.0072384485974907879,"y":0.9840957522392273,"z":-0.04135967046022415,"w":-0.17269180715084077},"size":84.09600067138672,"orthographic":false}