{"cameraMode":{"drawMode":0,"name":"Shaded","section":"Shading Mode"},"sceneLighting":true,"audioPlay":false,"sceneViewState":{"m_AlwaysRefresh":false,"showFog":true,"showSkybox":true,"showFlares":true,"showImageEffects":true,"showParticleSystems":true,"showVisualEffectGraphs":true,"m_FxEnabled":true},"in2DMode":false,"pivot":{"x":-45.758968353271487,"y":-5.7415313720703129,"z":-79.62867736816406},"rotation":{"x":0.03434203192591667,"y":0.9657862186431885,"z":-0.19522583484649659,"w":0.16858018934726716},"size":176.8279571533203,"orthographic":true}