{"cameraMode":{"drawMode":0,"name":"Shaded","section":"Shading Mode"},"sceneLighting":false,"audioPlay":false,"sceneViewState":{"m_AlwaysRefresh":false,"showFog":true,"showSkybox":false,"showFlares":true,"showImageEffects":true,"showParticleSystems":true,"showVisualEffectGraphs":true,"m_FxEnabled":true},"in2DMode":false,"pivot":{"x":216.31089782714845,"y":195.87124633789063,"z":0.5261733531951904},"rotation":{"x":-0.11651569604873657,"y":0.8132514357566834,"z":-0.16792041063308717,"w":-0.5475995540618897},"size":2.7247447967529299,"orthographic":false}