{"cameraMode":{"drawMode":0,"name":"Shaded","section":"Shading Mode"},"sceneLighting":false,"audioPlay":false,"sceneViewState":{"m_AlwaysRefresh":false,"showFog":true,"showSkybox":false,"showFlares":true,"showImageEffects":true,"showParticleSystems":true,"showVisualEffectGraphs":true,"m_FxEnabled":true},"in2DMode":false,"pivot":{"x":-2.3173091411590578,"y":1.7986242771148682,"z":-0.12676775455474854},"rotation":{"x":0.2016337662935257,"y":-0.5296628475189209,"z":0.13130828738212586,"w":0.8133882880210877},"size":0.9635002017021179,"orthographic":false}