{"cameraMode":{"drawMode":0,"name":"Shaded","section":"Shading Mode"},"sceneLighting":false,"audioPlay":false,"sceneViewState":{"m_AlwaysRefresh":false,"showFog":true,"showSkybox":false,"showFlares":true,"showImageEffects":true,"showParticleSystems":true,"showVisualEffectGraphs":true,"m_FxEnabled":true},"in2DMode":false,"pivot":{"x":-0.25953906774520876,"y":0.13054001331329347,"z":1.4547841548919678},"rotation":{"x":-0.0604313425719738,"y":0.782924234867096,"z":-0.07079014182090759,"w":-0.6175519227981567},"size":0.4697312116622925,"orthographic":false}